machine,timestamp,vibration,temperature,rpm,production_count,good_count
PUMP-01,2026-03-01 08:00,1.80,64.0,1480,610,605
PUMP-01,2026-03-01 09:00,1.83,64.4,1479,612,607
PUMP-01,2026-03-01 10:00,1.81,64.8,1478,611,604
PUMP-01,2026-03-01 11:00,1.86,65.1,1477,609,602
PUMP-01,2026-03-01 12:00,1.84,64.9,1479,613,608
PUMP-01,2026-03-01 13:00,1.88,65.4,1476,610,603
PUMP-01,2026-03-01 14:00,1.85,65.0,1478,611,606
PUMP-01,2026-03-01 15:00,1.90,65.7,1475,608,601
PUMP-01,2026-03-01 16:00,1.87,65.3,1477,612,605
PUMP-01,2026-03-01 17:00,1.92,65.9,1474,607,600
CNC-04,2026-03-01 08:00,2.10,68.0,1200,480,476
CNC-04,2026-03-01 09:00,2.35,71.5,1195,478,470
CNC-04,2026-03-01 10:00,2.60,74.8,1190,475,462
CNC-04,2026-03-01 11:00,2.88,78.2,1184,472,455
CNC-04,2026-03-01 12:00,3.15,81.6,1178,469,448
CNC-04,2026-03-01 13:00,3.44,85.1,1171,465,440
CNC-04,2026-03-01 14:00,3.72,88.4,1165,461,431
CNC-04,2026-03-01 15:00,4.01,91.9,1158,457,423
CNC-04,2026-03-01 16:00,4.30,95.2,1151,452,414
CNC-04,2026-03-01 17:00,4.62,98.7,1144,448,405
