Asset,DateTime,Vibration_mm_s (RMS),Bearing_Temp [C],Shaft Speed [RPM],Units_Produced,Good_Units,Plant_Area
CNC-12,2026-03-02 00:00,2.11,67.6,1199,480,476,Machine Shop
CNC-12,2026-03-02 01:00,2.02,66.9,1197,480,475,Machine Shop
CNC-12,2026-03-02 02:00,2.11,67.3,1198,479,474,Machine Shop
CNC-12,2026-03-02 03:00,2.12,67.9,1198,479,473,Machine Shop
CNC-12,2026-03-02 04:00,2.21,68.9,1197,478,472,Machine Shop
CNC-12,2026-03-02 05:00,2.27,68.4,1194,478,471,Machine Shop
CNC-12,2026-03-02 06:00,2.3,68.8,1198,477,469,Machine Shop
CNC-12,2026-03-02 07:00,2.25,69.8,1194,477,469,Machine Shop
CNC-12,2026-03-02 08:00,2.37,70.1,1194,476,467,Machine Shop
CNC-12,2026-03-02 09:00,2.4,70.8,1192,476,466,Machine Shop
CNC-12,2026-03-02 10:00,2.48,71.3,1190,475,465,Machine Shop
CNC-12,2026-03-02 11:00,2.53,71.5,1190,474,463,Machine Shop
CNC-12,2026-03-02 12:00,2.63,72.2,1186,474,462,Machine Shop
CNC-12,2026-03-02 13:00,2.64,72.4,1185,473,460,Machine Shop
CNC-12,2026-03-02 14:00,2.72,74.0,1189,473,459,Machine Shop
CNC-12,2026-03-02 15:00,2.71,74.5,1186,472,458,Machine Shop
CNC-12,2026-03-02 16:00,2.74,74.9,1183,471,456,Machine Shop
CNC-12,2026-03-02 17:00,2.88,75.2,1186,470,454,Machine Shop
CNC-12,2026-03-02 18:00,2.83,75.4,1182,470,453,Machine Shop
CNC-12,2026-03-02 19:00,2.98,75.9,1182,469,451,Machine Shop
CNC-12,2026-03-02 20:00,3.04,76.8,1182,468,449,Machine Shop
CNC-12,2026-03-02 21:00,3.04,77.2,1181,468,449,Machine Shop
CNC-12,2026-03-02 22:00,3.1,78.9,1176,467,447,Machine Shop
CNC-12,2026-03-02 23:00,3.26,78.5,1178,466,445,Machine Shop
CNC-12,2026-03-03 00:00,3.2,80.2,1176,465,443,Machine Shop
CNC-12,2026-03-03 01:00,3.36,80.8,1174,465,442,Machine Shop
CNC-12,2026-03-03 02:00,3.33,80.7,1173,464,440,Machine Shop
CNC-12,2026-03-03 03:00,3.46,81.3,1169,463,438,Machine Shop
CNC-12,2026-03-03 04:00,3.51,82.6,1172,462,436,Machine Shop
CNC-12,2026-03-03 05:00,3.53,83.6,1168,461,434,Machine Shop
CNC-12,2026-03-03 06:00,3.69,83.4,1167,461,433,Machine Shop
CNC-12,2026-03-03 07:00,3.69,84.2,1168,460,432,Machine Shop
CNC-12,2026-03-03 08:00,3.76,84.7,1162,459,430,Machine Shop
CNC-12,2026-03-03 09:00,3.8,85.6,1162,458,428,Machine Shop
CNC-12,2026-03-03 10:00,3.94,86.4,1163,457,426,Machine Shop
CNC-12,2026-03-03 11:00,3.92,87.4,1162,456,424,Machine Shop
CNC-12,2026-03-03 12:00,4.03,88.4,1156,456,423,Machine Shop
CNC-12,2026-03-03 13:00,4.11,88.6,1159,455,421,Machine Shop
CNC-12,2026-03-03 14:00,4.24,90.2,1156,454,419,Machine Shop
CNC-12,2026-03-03 15:00,4.24,90.7,1157,453,417,Machine Shop
CNC-12,2026-03-03 16:00,4.39,91.3,1151,452,415,Machine Shop
CNC-12,2026-03-03 17:00,4.37,91.5,1149,451,413,Machine Shop
CNC-12,2026-03-03 18:00,4.52,93.1,1150,450,411,Machine Shop
CNC-12,2026-03-03 19:00,4.55,92.9,1149,450,410,Machine Shop
CNC-12,2026-03-03 20:00,4.64,93.8,1147,449,408,Machine Shop
CNC-12,2026-03-03 21:00,4.65,94.8,1148,448,406,Machine Shop
CNC-12,2026-03-03 22:00,4.75,95.5,1142,447,404,Machine Shop
CNC-12,2026-03-03 23:00,4.88,96.4,1141,446,402,Machine Shop
CONV-03,2026-03-02 00:00,1.07,52.9,1500,905,893,Warehouse
CONV-03,2026-03-02 01:00,1.15,51.7,1500,897,893,Warehouse
CONV-03,2026-03-02 02:00,1.11,52.1,1500,905,891,Warehouse
CONV-03,2026-03-02 03:00,1.11,51.2,1500,899,897,Warehouse
CONV-03,2026-03-02 04:00,1.16,52.3,1500,897,891,Warehouse
CONV-03,2026-03-02 05:00,1.15,52.6,1500,895,899,Warehouse
CONV-03,2026-03-02 06:00,1.18,52.7,1500,894,894,Warehouse
CONV-03,2026-03-02 07:00,1.13,51.7,1500,903,900,Warehouse
CONV-03,2026-03-02 08:00,1.13,52.4,1500,904,899,Warehouse
CONV-03,2026-03-02 09:00,1.21,51.2,1500,904,891,Warehouse
CONV-03,2026-03-02 10:00,1.16,51.7,1500,900,902,Warehouse
CONV-03,2026-03-02 11:00,1.2,51.7,1500,894,895,Warehouse
CONV-03,2026-03-02 12:00,1.2,51.1,1500,895,902,Warehouse
CONV-03,2026-03-02 13:00,1.09,52.9,1500,900,902,Warehouse
CONV-03,2026-03-02 14:00,1.14,52.4,1500,894,895,Warehouse
CONV-03,2026-03-02 15:00,1.09,52.8,1500,905,895,Warehouse
CONV-03,2026-03-02 16:00,1.11,51.6,1500,902,893,Warehouse
CONV-03,2026-03-02 17:00,1.13,52.8,1500,905,892,Warehouse
CONV-03,2026-03-02 18:00,1.1,52.0,1500,900,896,Warehouse
CONV-03,2026-03-02 19:00,1.1,51.5,1500,906,901,Warehouse
CONV-03,2026-03-02 20:00,1.12,51.3,1500,900,895,Warehouse
CONV-03,2026-03-02 21:00,1.09,52.7,1500,903,901,Warehouse
CONV-03,2026-03-02 22:00,1.07,52.0,1500,906,900,Warehouse
CONV-03,2026-03-02 23:00,1.09,51.2,1500,900,893,Warehouse
CONV-03,2026-03-03 00:00,1.02,52.1,1500,894,897,Warehouse
CONV-03,2026-03-03 01:00,1.03,52.4,1500,894,893,Warehouse
CONV-03,2026-03-03 02:00,1.1,52.3,1500,898,899,Warehouse
CONV-03,2026-03-03 03:00,1.11,51.4,1500,894,899,Warehouse
CONV-03,2026-03-03 04:00,1.14,52.1,1500,905,899,Warehouse
CONV-03,2026-03-03 05:00,1.08,52.4,1500,901,892,Warehouse
CONV-03,2026-03-03 06:00,1.16,52.0,1500,904,899,Warehouse
CONV-03,2026-03-03 07:00,1.12,52.6,1500,895,894,Warehouse
CONV-03,2026-03-03 08:00,1.09,52.1,1500,896,893,Warehouse
CONV-03,2026-03-03 09:00,1.11,51.2,1500,901,893,Warehouse
CONV-03,2026-03-03 10:00,1.13,51.7,1500,906,890,Warehouse
CONV-03,2026-03-03 11:00,1.14,51.3,1500,899,893,Warehouse
CONV-03,2026-03-03 12:00,1.17,52.3,1500,898,901,Warehouse
CONV-03,2026-03-03 13:00,1.13,52.0,1500,904,893,Warehouse
CONV-03,2026-03-03 14:00,1.19,51.7,1500,897,900,Warehouse
CONV-03,2026-03-03 15:00,1.11,52.2,1500,902,893,Warehouse
CONV-03,2026-03-03 16:00,1.13,51.4,1500,902,902,Warehouse
CONV-03,2026-03-03 17:00,1.19,51.5,1500,896,891,Warehouse
CONV-03,2026-03-03 18:00,1.14,51.8,1500,898,892,Warehouse
CONV-03,2026-03-03 19:00,1.15,52.7,1500,902,896,Warehouse
CONV-03,2026-03-03 20:00,1.14,51.7,1500,898,901,Warehouse
CONV-03,2026-03-03 21:00,1.08,51.4,1500,900,893,Warehouse
CONV-03,2026-03-03 22:00,1.12,52.1,1500,906,893,Warehouse
CONV-03,2026-03-03 23:00,1.17,51.5,1500,901,902,Warehouse
MIX-22,2026-03-02 00:00,2.24,70.4,983,300,297,Blending
MIX-22,2026-03-02 01:00,2.2,70.0,983,299,295,Blending
MIX-22,2026-03-02 02:00,2.2,69.9,975,301,297,Blending
MIX-22,2026-03-02 03:00,2.25,70.0,976,301,292,Blending
MIX-22,2026-03-02 04:00,2.19,70.2,976,300,298,Blending
MIX-22,2026-03-02 05:00,2.23,71.2,981,300,292,Blending
MIX-22,2026-03-02 06:00,2.28,71.3,975,299,293,Blending
MIX-22,2026-03-02 07:00,2.31,71.4,983,299,296,Blending
MIX-22,2026-03-02 08:00,2.29,71.3,976,300,295,Blending
MIX-22,2026-03-02 09:00,2.26,71.7,981,300,298,Blending
MIX-22,2026-03-02 10:00,2.28,71.9,982,297,298,Blending
MIX-22,2026-03-02 11:00,2.28,72.7,978,303,294,Blending
MIX-22,2026-03-02 12:00,2.35,72.9,976,299,295,Blending
MIX-22,2026-03-02 13:00,2.36,72.9,984,300,296,Blending
MIX-22,2026-03-02 14:00,2.38,73.4,975,297,295,Blending
MIX-22,2026-03-02 15:00,2.33,73.0,979,299,295,Blending
MIX-22,2026-03-02 16:00,2.41,74.0,982,298,297,Blending
MIX-22,2026-03-02 17:00,2.38,74.3,975,298,295,Blending
MIX-22,2026-03-02 18:00,2.45,73.9,975,301,293,Blending
MIX-22,2026-03-02 19:00,2.46,74.5,982,300,294,Blending
MIX-22,2026-03-02 20:00,2.42,75.1,983,301,297,Blending
MIX-22,2026-03-02 21:00,2.51,75.3,983,298,294,Blending
MIX-22,2026-03-02 22:00,2.54,75.5,983,299,296,Blending
MIX-22,2026-03-02 23:00,2.48,76.1,980,300,293,Blending
MIX-22,2026-03-03 00:00,2.56,75.8,980,302,297,Blending
MIX-22,2026-03-03 01:00,2.5,76.8,978,297,295,Blending
MIX-22,2026-03-03 02:00,2.55,76.8,976,300,298,Blending
MIX-22,2026-03-03 03:00,2.62,77.4,983,299,298,Blending
MIX-22,2026-03-03 04:00,2.58,77.1,982,298,293,Blending
MIX-22,2026-03-03 05:00,2.58,77.7,977,300,296,Blending
MIX-22,2026-03-03 06:00,2.66,77.5,982,298,295,Blending
MIX-22,2026-03-03 07:00,2.69,78.8,984,298,295,Blending
MIX-22,2026-03-03 08:00,2.67,78.6,979,300,297,Blending
MIX-22,2026-03-03 09:00,2.72,78.9,982,301,292,Blending
MIX-22,2026-03-03 10:00,2.7,79.2,980,303,294,Blending
MIX-22,2026-03-03 11:00,2.76,79.9,977,302,296,Blending
MIX-22,2026-03-03 12:00,2.78,79.8,984,298,293,Blending
MIX-22,2026-03-03 13:00,2.74,79.9,984,297,294,Blending
MIX-22,2026-03-03 14:00,2.8,80.4,980,301,292,Blending
MIX-22,2026-03-03 15:00,2.75,81.3,978,297,292,Blending
MIX-22,2026-03-03 16:00,2.82,81.4,982,300,293,Blending
MIX-22,2026-03-03 17:00,2.84,81.7,977,302,295,Blending
MIX-22,2026-03-03 18:00,2.8,82.1,979,298,294,Blending
MIX-22,2026-03-03 19:00,2.91,82.3,976,303,293,Blending
MIX-22,2026-03-03 20:00,2.92,82.7,984,303,294,Blending
MIX-22,2026-03-03 21:00,2.9,82.8,975,297,295,Blending
MIX-22,2026-03-03 22:00,2.97,83.8,983,299,293,Blending
MIX-22,2026-03-03 23:00,2.9,83.5,982,300,292,Blending
PUMP-07,2026-03-02 00:00,1.73,63.6,1481,606,601,Utilities
PUMP-07,2026-03-02 01:00,1.79,63.8,1479,607,609,Utilities
PUMP-07,2026-03-02 02:00,1.83,63.0,1477,607,601,Utilities
PUMP-07,2026-03-02 03:00,1.76,64.0,1482,612,605,Utilities
PUMP-07,2026-03-02 04:00,1.78,63.8,1478,609,602,Utilities
PUMP-07,2026-03-02 05:00,1.84,64.0,1480,614,607,Utilities
PUMP-07,2026-03-02 06:00,1.79,64.1,1483,606,608,Utilities
PUMP-07,2026-03-02 07:00,1.78,63.6,1480,612,606,Utilities
PUMP-07,2026-03-02 08:00,1.79,63.6,1478,613,609,Utilities
PUMP-07,2026-03-02 09:00,1.84,63.4,1480,607,605,Utilities
PUMP-07,2026-03-02 10:00,1.81,64.7,1480,610,607,Utilities
PUMP-07,2026-03-02 11:00,1.79,64.4,1478,608,609,Utilities
PUMP-07,2026-03-02 12:00,1.82,64.2,1477,607,602,Utilities
PUMP-07,2026-03-02 13:00,1.8,64.1,1476,613,603,Utilities
PUMP-07,2026-03-02 14:00,1.81,64.0,1479,611,609,Utilities
PUMP-07,2026-03-02 15:00,1.84,64.0,1483,607,601,Utilities
PUMP-07,2026-03-02 16:00,1.84,64.1,1477,614,605,Utilities
PUMP-07,2026-03-02 17:00,1.84,64.2,1476,608,605,Utilities
PUMP-07,2026-03-02 18:00,1.79,63.9,1479,608,608,Utilities
PUMP-07,2026-03-02 19:00,1.83,64.1,1476,614,603,Utilities
PUMP-07,2026-03-02 20:00,1.74,64.3,1482,608,603,Utilities
PUMP-07,2026-03-02 21:00,1.78,64.4,1478,607,603,Utilities
PUMP-07,2026-03-02 22:00,1.74,63.7,1483,607,607,Utilities
PUMP-07,2026-03-02 23:00,1.8,63.2,1483,612,603,Utilities
PUMP-07,2026-03-03 00:00,1.74,64.3,1481,608,604,Utilities
PUMP-07,2026-03-03 01:00,1.79,63.4,1481,606,608,Utilities
PUMP-07,2026-03-03 02:00,1.71,63.9,1482,612,606,Utilities
PUMP-07,2026-03-03 03:00,1.73,63.6,1482,610,605,Utilities
PUMP-07,2026-03-03 04:00,1.7,63.6,1479,606,609,Utilities
PUMP-07,2026-03-03 05:00,1.76,63.1,1481,612,605,Utilities
PUMP-07,2026-03-03 06:00,1.7,62.8,1480,609,604,Utilities
PUMP-07,2026-03-03 07:00,1.77,62.7,1481,610,601,Utilities
PUMP-07,2026-03-03 08:00,1.78,63.6,1476,613,603,Utilities
PUMP-07,2026-03-03 09:00,1.75,63.0,1483,611,609,Utilities
PUMP-07,2026-03-03 10:00,1.71,63.0,1477,613,605,Utilities
PUMP-07,2026-03-03 11:00,1.75,63.7,1476,608,603,Utilities
PUMP-07,2026-03-03 12:00,1.75,62.4,1476,606,604,Utilities
PUMP-07,2026-03-03 13:00,1.79,63.5,1477,608,609,Utilities
PUMP-07,2026-03-03 14:00,1.8,62.4,1476,614,603,Utilities
PUMP-07,2026-03-03 15:00,1.75,62.6,1476,612,607,Utilities
PUMP-07,2026-03-03 16:00,1.74,63.6,1482,611,602,Utilities
PUMP-07,2026-03-03 17:00,1.81,62.5,1478,610,606,Utilities
PUMP-07,2026-03-03 18:00,1.8,63.3,1476,609,602,Utilities
PUMP-07,2026-03-03 19:00,1.78,62.4,1480,613,601,Utilities
PUMP-07,2026-03-03 20:00,1.73,63.3,1481,611,603,Utilities
PUMP-07,2026-03-03 21:00,1.78,62.3,1477,613,602,Utilities
PUMP-07,2026-03-03 22:00,1.79,63.1,1483,607,609,Utilities
PUMP-07,2026-03-03 23:00,1.84,62.8,1480,608,604,Utilities
