machine,timestamp,vibration
BRG-01,2026-03-01 00:00,0.62
BRG-01,2026-03-01 01:00,0.64
BRG-01,2026-03-01 02:00,0.63
BRG-01,2026-03-01 03:00,0.66
BRG-01,2026-03-01 04:00,0.71
BRG-01,2026-03-01 05:00,0.78
BRG-01,2026-03-01 06:00,0.89
BRG-01,2026-03-01 07:00,1.04
BRG-01,2026-03-01 08:00,1.23
BRG-01,2026-03-01 09:00,1.47
BRG-01,2026-03-01 10:00,1.76
BRG-01,2026-03-01 11:00,2.09
BRG-01,2026-03-01 12:00,2.44
BRG-01,2026-03-01 13:00,2.81
BRG-01,2026-03-01 14:00,3.18
BRG-01,2026-03-01 15:00,3.56
BRG-01,2026-03-01 16:00,3.97
BRG-01,2026-03-01 17:00,4.42
BRG-01,2026-03-01 18:00,4.91
BRG-01,2026-03-01 19:00,5.44
BRG-01,2026-03-01 20:00,6.02
BRG-01,2026-03-01 21:00,6.65
BRG-01,2026-03-01 22:00,7.33
BRG-01,2026-03-01 23:00,8.06
BRG-01,2026-03-02 00:00,8.84
BRG-01,2026-03-02 01:00,9.67
BRG-02,2026-03-01 00:00,0.58
BRG-02,2026-03-01 01:00,0.60
BRG-02,2026-03-01 02:00,0.59
BRG-02,2026-03-01 03:00,0.61
BRG-02,2026-03-01 04:00,0.60
BRG-02,2026-03-01 05:00,0.62
BRG-02,2026-03-01 06:00,0.61
BRG-02,2026-03-01 07:00,0.59
BRG-02,2026-03-01 08:00,0.63
BRG-02,2026-03-01 09:00,0.60
BRG-02,2026-03-01 10:00,0.62
BRG-02,2026-03-01 11:00,0.61
BRG-02,2026-03-01 12:00,0.64
BRG-02,2026-03-01 13:00,0.60
BRG-02,2026-03-01 14:00,0.62
BRG-02,2026-03-01 15:00,0.63
BRG-02,2026-03-01 16:00,0.61
BRG-02,2026-03-01 17:00,0.60
BRG-02,2026-03-01 18:00,0.62
BRG-02,2026-03-01 19:00,0.64
BRG-02,2026-03-01 20:00,0.61
BRG-02,2026-03-01 21:00,0.63
BRG-02,2026-03-01 22:00,0.62
BRG-02,2026-03-01 23:00,0.60
BRG-02,2026-03-02 00:00,0.63
BRG-02,2026-03-02 01:00,0.61
